"","espn n=364","prep n=176","aau n=97","full n=81","aau.espn n=97","prep.espn n=176","aau.prep n=81"
"lm",0.518303262821268,0.575426866867115,0.557071379522842,0.576624493214942,0.518617051787323,0.544194692200323,0.615278868197031
"lasso",0.516184905409768,0.570520286380847,0.543203670904355,0.539196634959992,0.520583214725114,0.539557256029393,0.562196165603077
"ridge",0.517859344815506,0.573653286926246,0.537723959892729,0.543539603732346,0.509325569997682,0.54009891897616,0.561180619900552
"rf",0.54058547334684,0.585782695511915,0.5738268346416,0.554421191431199,0.545670692989353,0.557285044291162,0.569590626207071
"earth",0.519285677525985,0.584968712123476,0.630563044096115,0.563221411439686,0.533165247521725,0.562498339654706,0.59329132650663
"svm.radial",0.529987242360736,0.601388085134837,0.564213426857439,0.560996653909454,0.55927743445902,0.570841229172413,0.5932281559684
"xgbDART",0.53923683463464,0.589398197544924,0.682032310227939,0.657628570354266,0.645131579217663,0.57371982563169,0.613289537467495
