"","espn n=185","prep n=185","aau n=185","full n=185","aau.espn n=185","prep.espn n=185","aau.prep n=185"
"pls",NA,1.39075919171264,1.43332274487725,1.36013435081517,1.38357818569605,1.35257073465634,1.39781054067363
"lasso",1.40699280357051,1.39201152147658,1.40336246963682,1.34687010833202,1.36511577459807,1.35379161428385,1.35877945738627
"ridge",NA,1.39052071416374,1.40175563985999,1.33354456700873,1.36206565542374,1.35333783425474,1.34878104318597
"rf",NA,1.44685927302156,1.43731395958982,1.37576582369955,1.38181957361692,1.36287765771198,1.41441467356801
"earth",1.34538948515419,1.41212853347941,1.52655690137821,1.34884423204628,1.36300629166654,1.36836512853426,1.45950131506406
"svm.radial",1.28955674687915,1.42556545537804,1.40358824892004,1.35715379375596,1.35633174098276,1.34719137309455,1.38249994809274
"xgbDART",1.49915026019366,1.51035807372947,1.4924743340795,1.44710220217975,1.44857928412941,1.50777382118979,1.47924209280836
"stacked",1.37959618707602,1.42466730398874,1.439789988071,1.29656632331218,1.35398441410079,1.33746170118564,1.36176235848352
