"","espn n=364","prep n=176","aau n=97","full n=81","aau.espn n=97","prep.espn n=176","aau.prep n=81"
"lm",0.899623253145878,1.03049329847129,0.946623429223921,1.03647741655791,0.905706432466959,0.959158940987923,1.08800844891323
"lasso",0.89604314838446,1.0223215749617,0.913915045704952,0.931012394976188,0.865616861426609,0.951447642401093,0.998900855396838
"ridge",0.898764802209031,1.02634495242093,0.919742789504626,0.944297389940499,0.86946299337603,0.951206106762603,0.996781957427803
"rf",0.941014660634546,1.05162963682995,0.968521766887171,1.01483960782508,0.927083722813197,0.976307674332254,1.05100360046207
"earth",0.889700638164494,1.08244336587904,1.13718493337765,0.972712977628922,0.920131511855358,0.963344445172033,1.08453378729903
"svm.radial",0.915248510616965,1.06581708155942,0.90344763547764,0.967072043454323,0.90217185215075,1.00495156467191,1.00393327460478
"xgbDART",0.951591655282517,1.26319760185984,1.12289073309214,1.32039328128411,1.11984083259262,1.24384396728298,1.23164587272231
