"","espn n=185","prep n=185","aau n=185","full n=185","aau.espn n=185","prep.espn n=185","aau.prep n=185"
"pls",NA,1.3709485747111,1.41092226824632,1.33358214206995,1.35494265528512,1.32562679139609,1.36162334188249
"lasso",1.35842963249596,1.36092242009838,1.38185718059412,1.31732277495368,1.34839656028979,1.32310544050781,1.32926522890161
"ridge",1.35842963249596,1.36262787741956,1.37670917690369,1.30430533368847,1.33376018047985,1.32296014161012,1.32027638372288
"rf",NA,1.41741299920463,1.42226605210665,1.35015539317135,1.36261462220484,1.33852599810582,1.37320192775812
"earth",1.33672052997658,1.4034095250027,1.43134912600575,1.29986104530976,1.31653033809064,1.29986104530976,1.52988653369617
"svm.radial",1.2849934560031,1.43416565400596,1.40014723193853,1.37138759979966,1.33786678790828,1.32447887119703,1.39267494558848
"xgbDART",1.56228151946092,1.69416534877129,1.66444650253345,1.54701809676391,1.59040384836891,1.6596888835268,1.53913201268849
"stacked",1.32578605049727,1.40849355956756,1.41298728717809,1.24991028199937,1.29558420973528,1.30493260485374,1.31198713626856
