"","espn n=471","prep n=354","aau n=244","full n=173","aau.espn n=244","prep.espn n=354","aau.prep n=173"
"lm",1.27724871593313,1.30360835621849,1.27162769223012,1.360521322288,1.23834709087541,1.27399688665636,1.38529676634436
"lasso",1.27314491132793,1.3047097444336,1.26269304809467,1.34874577923132,1.23122587717527,1.26598696875863,1.36518116187481
"ridge",1.2764899044099,1.30102255755783,1.26381232496105,1.32086917902099,1.23180006282069,1.26788001326132,1.3417806555667
"rf",1.22331178758574,1.35289412065185,1.29112845665992,1.36460056832151,1.2281144376293,1.25003461221866,1.39629500729998
"earth",1.15371991241529,1.40188822179117,1.37061913541819,1.32489944122095,1.21224668140689,1.24327349850058,1.47244461627869
"svm.radial",1.20139632724887,1.36061776602881,1.32239000206703,1.35053177538782,1.225665651467,1.29375144191168,1.37792375935417
"xgbDART",1.17668560549951,1.44511182440277,1.53776343513698,1.55495434033376,1.35838953729511,1.46158331200861,1.60943761783663
"stacked",1.16860597815736,1.3326821921979,1.30209483444884,1.25914063158815,1.19739280392507,1.18833946449613,1.36659830218833
