"","espn","prep","aau","full"
"lm",1.23523936628275,1.48620947837489,1.43151080470587,1.59401388630474
"lasso",1.23720424338864,1.49327980432306,1.44222201555007,1.60788207344604
"ridge",1.23727770074784,1.49281849679348,1.44581658966261,1.60682493791745
"rf",1.24713221110404,1.50161670762518,1.43958371881716,1.60674391964842
"nnet",1.26829502984913,1.50818410217566,1.44719527561148,1.63408786730517
"svm.radial",1.20661259491429,1.47216792723112,1.4279660407086,1.57761512965654
"xgbDART",1.22078527217857,1.49503625197103,1.45486380027992,1.58639451595523
