"","espn n=304","prep n=133","aau n=56","full n=45","aau.espn n=56","prep.espn n=133","aau.prep n=45"
"lm",1.25786009369323,1.43079880517584,1.31067954131291,1.89033399551659,1.34115873895016,1.33993919864189,1.81658868224177
"lasso",1.24886209548373,1.39863810405642,1.2375339610501,1.42403390407758,1.26489670657986,1.34440999810748,1.53436201542017
"ridge",1.25637089325603,1.41421423454087,1.20515227123293,1.33913971416039,1.17600183546071,1.32015025443999,1.36901409379872
"rf",1.30804021234484,1.45787731889874,1.21118356810281,1.33786845918885,1.19384700203608,1.34489663341378,1.33677543183616
"earth",1.28601352409804,1.52703582098327,1.32603052738769,1.46998264192235,1.44283222797939,1.37747618653215,1.56158947540962
"svm.radial",1.29148880362039,1.50437105536065,1.26539696565761,1.36193865127259,1.22415384391049,1.39920505593159,1.35619136747543
"xgbDART",1.27654668478564,1.62565348319187,1.44440800030121,1.69424813672289,1.39183763519332,1.44278473713893,1.69180746369873
"stacked",0.860965747811935,0.822110286334181,1.25726598713568,0.620568801539112,0.939747370742989,0.744272600770104,1.37363681216504
