"","espn n=185","prep n=185","aau n=185","full n=185","aau.espn n=185","prep.espn n=185","aau.prep n=185"
"pls",NA,1.36312426632953,1.40681497167354,1.33050536298009,1.35253881571697,1.32572512951714,1.36976010599863
"lasso",1.35844405967346,1.36403968960701,1.38299144448031,1.31670988734387,1.34074547628857,1.32404365204577,1.32928684627113
"ridge",NA,1.36254904214419,1.37614635238959,1.30416987962754,1.33343163950135,1.32306399057302,1.32032253556874
"rf",NA,1.42404513340728,1.4135256884322,1.33987751096369,1.35270224349443,1.32819678815943,1.39076059804805
"earth",1.30822320796024,1.38675946087084,1.43061105615103,1.30675630504352,1.32054274133382,1.30305783138798,1.44699616737807
"svm.radial",1.29140387773625,1.42357165344899,1.41192406871902,1.34720943373038,1.35254643481133,1.33548630156718,1.38348922107181
"xgbDART",1.56385267359692,1.6418842031085,1.56865759363606,1.48701304180064,1.4937262551286,1.62881572530784,1.56643994399501
"stacked",1.30727400559308,1.395113056929,1.4156614562051,1.26445375132168,1.31348390338275,1.3024463945482,1.33147515416957
