"espn","prep","aau","full","aau.espn"
1.52465085518889,1.67971371206383,1.5209866801529,1.64140450045199,1.50549788625058
1.52754809432832,1.68334553936063,1.53325992098479,1.65591804889865,1.51204676596961
1.52910456367034,1.68801158285039,1.53230651986175,1.65824304328649,1.51879209755593
1.54910833928649,1.71526244534096,1.55562516504684,1.67904183439509,1.54451816938464
1.56956120640608,1.72619729158765,1.56316950402733,1.71456887510798,1.57843933260012
1.50468880680427,1.67373365582746,1.52613846393827,1.64403122334828,1.50872635311006
1.5257508836559,1.69454270336685,1.53505931602118,1.65483648147063,1.52050762080286
