"","espn n=173","prep n=173","aau n=173","full n=173","aau.espn n=173","prep.espn n=173","aau.prep n=173"
"lm",0.966894567768628,0.958073906402092,0.978325498418381,0.946396247007098,0.96053887825744,0.939500370834684,0.952825840583159
"lasso",0.960243644929835,0.957421041806831,0.970028005722617,0.944556250468415,0.947878294075833,0.937162203574348,0.944770652819328
"ridge",0.964222865246571,0.949826323501453,0.964382739485476,0.916401241785833,0.943052609890257,0.927088271867747,0.925230979628785
"rf",0.975838338885688,0.971418400089023,0.987055415112152,0.944062876521242,0.949522257722957,0.947207816159082,0.96360680148955
"earth",0.929354644273708,1.01825538696061,1.01982357591877,0.909919446141239,0.920934701340961,0.920934701340961,1.07153886425095
"svm.radial",0.941074633069805,1.00528836299823,0.990626433346116,0.936173005931075,0.928521986749196,0.970305968357279,0.937784912725716
"xgbDART",1.05659626004773,1.0487703399945,1.20606870832387,1.17361659384044,1.04389961481129,1.15361247455628,1.09677006505198
