"","espn n=173","prep n=173","aau n=173","full n=173","aau.espn n=173","prep.espn n=173","aau.prep n=173"
"pls",NA,1.40585185186317,1.42914950932143,1.35005997456056,1.38629892671877,1.36459599432769,1.35499166610226
"lasso",1.38326260278225,1.38183165363159,1.42795177298015,1.3674642089146,1.37213067063651,1.35219871029124,1.39354510875743
"ridge",1.38326260278225,1.39449649110632,1.41814360656331,1.35053059094668,1.37959292735876,1.3556203898574,1.36636075102807
"rf",NA,1.46607430584568,1.44921779600379,1.36503572462211,1.38212127809564,1.40497979945492,1.42750496866188
"earth",1.42815498754764,1.46075481675978,1.47244461627869,1.32489944122095,1.32489944122095,1.33293849520711,1.47668757151002
"svm.radial",1.32404756561669,1.51729289600977,1.49434977210857,1.3961660322858,1.40542751589281,1.44966000092796,1.4385435045652
"xgbDART",1.5873879518338,1.74865047450779,1.54164967627057,1.51281946300351,1.46919233774852,1.64028813120524,1.59195149776707
"stacked",1.38605680991497,1.4300635346504,1.47196472512027,1.33040650610259,1.36823629737107,1.32857299780133,1.34792169084747
