"","espn n=364","prep n=176","aau n=97","full n=81","aau.espn n=97","prep.espn n=176","aau.prep n=81"
"lm",1.1950494559646,1.38715203371416,1.35758399014039,1.55736403478858,1.36940006955059,1.41646842587415,1.55934146844935
"lasso",1.1664924854181,1.29351416567434,1.2226994458152,1.30831918711447,1.24746481721554,1.32618431781785,1.34235330430886
"ridge",1.17896861631692,1.29974987971797,1.18371212888218,1.30478122860368,1.18711282728725,1.32052065293136,1.28367242096394
"rf",1.1234592604145,1.29710791483014,1.23449501296646,1.33873211750689,1.25019552839863,1.30835147693921,1.31087516793857
"earth",1.20231808908428,1.20682946954472,1.4121654583843,1.32263201638723,1.28451180569268,1.379523585001,1.25309934941603
"svm.radial",1.10771074156575,1.26212324842217,1.04709513794227,1.26201919250759,1.11553748823171,1.3139533273959,1.23058644928048
"xgbDART",1.24795021361518,1.50182222842733,1.50111665464842,1.66806512295961,1.48770226417347,1.65133071679603,1.56779361655724
