"","espn n=173","prep n=173","aau n=173","full n=173","aau.espn n=173","prep.espn n=173","aau.prep n=173"
"lm",1.173386931319,1.21485605442257,1.20852356401597,1.25724568344459,1.21514891720339,1.21852479549829,1.26096965461661
"lasso",1.11187010177472,1.13689948880409,1.15601608577116,1.15456715110953,1.1611454019077,1.15907038997608,1.17405095271249
"ridge",1.1110909599707,1.1157671489051,1.14200180118875,1.13870804751859,1.14160258214285,1.11882583827827,1.13975386529962
"rf",1.12286180475992,1.14567533291505,1.16585240274082,1.19742276202903,1.19091698731008,1.16947787032764,1.16500415255157
"earth",1.2098825814871,1.13114787916489,1.1140915384005,1.20985176731917,1.20729782104938,1.20729782104938,1.095087409684
"svm.radial",1.00898249603042,1.06345173803783,0.985725172272064,1.07272229184035,1.03037639095047,1.1176838186466,1.06279021315883
"xgbDART",1.37172090594608,1.30370829712702,1.55010526942974,1.44561465109881,1.38424741146951,1.50993927197896,1.4289506529739
