"","espn n=185","prep n=185","aau n=185","full n=185","aau.espn n=185","prep.espn n=185","aau.prep n=185"
"lm",0.234298960764658,0.231542023237642,0.210536185058083,0.279129830419227,0.252778724545246,0.272679518952603,0.266948360112711
