"","espn n=173","prep n=173","aau n=173","full n=173","aau.espn n=173","prep.espn n=173","aau.prep n=173"
"pls",NA,1.39509793207892,1.42886988605397,1.35978466492094,1.38005789989195,1.35310160660276,1.37427489563123
"lasso",1.38326260278225,1.39039863854528,1.42310872896263,1.36627417780286,1.37185083623289,1.3475796071888,1.38331418139169
"ridge",1.38326260278225,1.39010737322551,1.40295255415735,1.32799277223144,1.36580089470349,1.34295829843553,1.34465370112627
"rf",NA,1.44290529174676,1.43793043063862,1.3589240019839,1.38058215639552,1.37064557609695,1.39919141278352
"earth",1.36042527669968,1.53572169458486,1.44958876408807,1.32489944122095,1.32489944122095,1.33293849520711,1.47668757151002
"svm.radial",1.32404756561669,1.49203398506417,1.46476259908094,1.39768134834979,1.39550465118005,1.44573770610126,1.41801411561283
"xgbDART",1.58738794476669,1.68042396479107,1.60126637786009,1.62498387262721,1.58627409986057,1.70862246369305,1.53039919232989
"stacked",1.45501659085422,1.46170666200019,1.44185906953301,1.28194499067313,1.3577005310296,1.28116842563674,1.31942121460557
