"","espn n=185","prep n=185","aau n=185","full n=185","aau.espn n=185","prep.espn n=185","aau.prep n=185"
"nnet",NA,0.193256892331963,0.182139899134939,0.239020144276777,0.147534962865348,0.186580396120495,0.227970823511092
"lasso",NA,0.2302937276007,0.211954487612172,0.27694964140067,0.24605137182559,0.269666603546465,0.266158890368998
"ridge",NA,0.228986162097586,0.214096466255338,0.295135561107501,0.261827924519325,0.273099565278721,0.277326235044826
"rf",NA,0.167101920782899,0.16508735407283,0.243835845501667,0.232380133324204,0.256455522675923,0.216852477540406
"earth",0.289367930644323,0.20794063409908,0.150185071207326,0.300841451761193,0.284578473216132,0.300841451761193,0.143716258444766
"svm.radial",0.330743922883341,0.180501986600148,0.215670983662853,0.249242382878027,0.27735889057101,0.286739894407913,0.229991240323141
"xgboost",NA,0.0685494687855207,0.0677132671669636,0.147689815314404,0.147244571713194,0.0884010747455762,0.133730682127784
"stacked",0.319688515999349,0.157690815231358,0.176514413310624,0.373831935025718,0.309922181615516,0.363953967068157,0.214489738042354
