"","espn n=173","prep n=173","aau n=173","full n=173","aau.espn n=173","prep.espn n=173","aau.prep n=173"
"lm",0.575128943008348,0.570847455265716,0.569807007877827,0.540097742667969,0.544821178318268,0.554056397221157,1.26425098072644
"lasso",0.570771795753587,0.571260196728085,0.563397688806403,0.5531502290692,0.551270417586217,0.556119193624605,1.1642197227488
"ridge",0.575805708680624,0.568253045381185,0.568854428669903,0.539774559532091,0.546311964980062,0.551704004600142,1.14202786134632
"rf",0.58507505464883,0.582320408472417,0.577209352905781,0.563951123150566,0.563840044854579,0.568886275578125,1.17979074342779
"earth",0.537784971585637,0.594859222887937,0.594544952524362,0.579450622661925,0.576265684491422,0.576265684491422,1.10888564280388
"svm.radial",0.559790775763617,0.588742208723534,0.579564088998961,0.559774432183315,0.557348144891903,0.567964410945702,1.0792142740642
"xgbDART",0.600514305464272,0.583332325771688,0.600613371884022,0.583430126132173,0.576560132924816,0.593772553368851,1.41038339049107
"stacked",0.556125202335693,0.583896634871438,0.589541624973528,0.523733256479863,0.532614939737842,0.545143030494405,1.21786109722282
