"","espn n=185","prep n=173","aau n=185","full n=173","aau.espn n=185","prep.espn n=173","aau.prep n=173"
"lm",1.37786806457485,1.39432015561365,1.39745630423684,1.360521322288,1.34757772359399,1.35425957733816,1.38529676634436
"lasso",1.37710819268217,1.39726700573007,1.37884543727362,1.34874577923132,1.33587739855969,1.3507147012883,1.36518116187481
"ridge",1.37501160837685,1.38132415570766,1.37871816418258,1.32086917902099,1.33103529507307,1.33727732115909,1.3417806555667
"rf",1.38346363306402,1.42453186784165,1.40350116145793,1.36460056832151,1.33551588718889,1.37144287977705,1.39629500729998
"earth",1.31653033809064,1.5383991331206,1.42448054232855,1.32489944122095,1.31653033809064,1.46100306830647,1.47244461627869
"svm.radial",1.34825458807982,1.46097305803099,1.40005172240981,1.35053177538782,1.31787550053256,1.45112966726978,1.37792375935417
"xgbDART",1.46000557759024,1.43950975983771,1.65163989875,1.55495434033376,1.47978533329261,1.52558419682704,1.60943761783663
"stacked",1.29657176838553,1.46336112319306,1.41652379408035,1.25914063158815,1.30580622646049,1.44438826050515,1.36659830218833
