"","espn n=173","prep n=173","aau n=173","full n=173","aau.espn n=173","prep.espn n=173","aau.prep n=173"
"lm",1.40484537983147,1.39432015561365,1.42814100537327,1.360521322288,1.38041630618173,1.35425957733816,1.38529676634436
"lasso",1.39841752749358,1.39726700573007,1.40905010194685,1.34874577923132,1.36014133768461,1.3507147012883,1.36518116187481
"ridge",1.40104307821746,1.38132415570766,1.40694693416413,1.32086917902099,1.36117944028425,1.33727732115909,1.3417806555667
"rf",1.41298708153991,1.42453186784165,1.42899341487551,1.36460056832151,1.37021169059063,1.37144287977705,1.39629500729998
"earth",1.33293849520711,1.5383991331206,1.4514998100724,1.32489944122095,1.33293849520711,1.46100306830647,1.47244461627869
"svm.radial",1.36960463959048,1.46097305803099,1.45767945558701,1.35053177538782,1.32763535040721,1.45112966726978,1.37792375935417
"xgbDART",1.51580269364712,1.43950975983771,1.62678417022843,1.55495434033376,1.62458671017251,1.52558419682704,1.60943761783663
"stacked",1.31653241097491,1.46336112319306,1.43649165621649,1.25914063158815,1.32561154124125,1.44438826050515,1.36659830218833
