"","espn n=364","prep n=176","aau n=97","full n=81","aau.espn n=97","prep.espn n=176","aau.prep n=81"
"lm",1.27542036694677,1.45191828015064,1.38976767675895,1.48510832470932,1.30263285264756,1.33469422457009,1.58386457539834
"lasso",1.27541526771368,1.44419916198568,1.33584179007747,1.35739326873548,1.27003583257306,1.33175888592832,1.45232094273536
"ridge",1.27435294850792,1.44696678712291,1.33843274647314,1.35492070081636,1.25020465867465,1.32493669718945,1.42905481392696
"rf",1.34780687142555,1.4898570086739,1.41466180084013,1.41754241558951,1.34066325663986,1.38009757491485,1.48421045230851
"earth",1.26122935742522,1.74146860707041,1.5778322668778,1.34142748430769,1.30274143619973,1.3533909072208,1.74920752979193
"svm.radial",1.2993118211586,1.52848567109094,1.3423433881784,1.38269432453255,1.32906595270804,1.40191373937501,1.46578304184102
"xgbDART",1.34031911109367,1.81825909961939,1.73547733097977,1.79773154492683,1.65970837072324,1.55277904831439,1.93916443430458
"stacked",1.27885129929643,1.48505824864409,1.4022105865712,1.26842180540139,1.25793216500512,1.3643966572454,1.53003222311115
