"","espn n=173","prep n=173","aau n=173","full n=173","aau.espn n=173","prep.espn n=173","aau.prep n=173"
"lm",1.40484537983147,1.39432015561365,1.42814100537327,1.37695981783319,1.39756740988594,1.35425957733816,1.40509985338067
"lasso",1.39841752749358,1.39726700573007,1.40905010194685,1.35709309101242,1.36776805946606,1.3507147012883,1.37473829114425
"ridge",1.40104307821746,1.38132415570766,1.40694693416413,1.32894674322359,1.37187107393608,1.33727732115909,1.3486114076248
"rf",1.41298708153991,1.42453186784165,1.42899341487551,1.36762042426033,1.36481103725456,1.37144287977705,1.41383382961971
"earth",1.33293849520711,1.5383991331206,1.4514998100724,1.32489944122095,1.32489944122095,1.46100306830647,1.47668757151002
"svm.radial",1.36960463959048,1.46097305803099,1.45767945558701,1.35984830212437,1.39578421587127,1.45112966726978,1.39115488200296
"xgbDART",1.51580269364712,1.43950975983771,1.62678417022843,1.55223865532684,1.47851076678932,1.52558419682704,1.5409967265196
"stacked",1.31653241097491,1.46336112319306,1.43649165621649,1.2976709718348,1.36753707915345,1.44438826050515,1.39328465816385
