"","espn n=173","prep n=173","aau n=173","full n=173","aau.espn n=173","prep.espn n=173","aau.prep n=173"
"lm",0.56733854513545,0.564815223420429,0.564498360536567,0.536004793033737,0.538486823055386,0.547546638893706,0.553048458251982
"lasso",0.558869202907618,0.560819708211874,0.553243032227103,0.54105564729037,0.541244363840397,0.545197351590575,0.545007507892194
"ridge",0.565719810900135,0.558546661011323,0.557912666668087,0.527686759308305,0.53497296379637,0.541373423864076,0.538290726500884
"rf",0.570446250975729,0.585176137845068,0.56710072237367,0.550703575944617,0.55303545413826,0.566040522696852,0.5569759030331
"earth",0.599918490281181,0.597112189261452,0.575073586076442,0.552391479652341,0.556291714428965,0.556291714428965,0.578709634750845
"svm.radial",0.561598682723665,0.607352595000476,0.578813980002401,0.560598434289787,0.561712884329745,0.575553816575623,0.574076890207589
"xgbDART",0.602595082336298,0.614198972791093,0.695531104188626,0.618934482492766,0.606847284827253,0.634678007431443,0.617425690177486
