"","espn n=185","prep n=185","aau n=185","full n=185","aau.espn n=185","prep.espn n=185","aau.prep n=185"
"pls",NA,0.568946434978568,0.576730166987208,0.548260346914467,0.558584031958297,0.550251542549494,0.562552030899722
"lasso",0.542829690777595,0.571137910385194,0.559529489715383,0.547521582613703,0.54983402524488,0.55498615268961,0.552860370283501
"ridge",NA,0.570684437253982,0.562354252466418,0.539914040850561,0.546604680850352,0.555500580129192,0.547294709326216
"rf",NA,0.583696545388018,0.577714591743751,0.558469199917089,0.562502965775964,0.557204006730353,0.570105138241632
"earth",0.540780525067259,0.575093052104631,0.717924525864051,0.539491900456861,0.549979330992073,0.579703278953293,0.579337813437464
"svm.radial",0.537965738157548,0.579451966868334,0.573751318435794,0.550092985423269,0.556030508969689,0.549789260837151,0.553881236868051
"xgbDART",0.601525504826846,0.602482995837557,0.590034440698598,0.580219963414489,0.586459806319377,0.596111048266132,0.590426400446412
"stacked",0.572525392488649,0.577707036006672,0.579309212958513,0.539819752716372,0.560644127682522,0.555851152630245,0.556920506560046
