"","espn n=185","prep n=185","aau n=185","full n=185","aau.espn n=185","prep.espn n=185","aau.prep n=185"
"pls",NA,1.3709485747111,1.40899192455537,1.33538727886543,1.3546654072909,1.32562679139609,1.36234518181837
"lasso",1.35842963249596,1.3614252652142,1.38481247847332,1.32330226056223,1.35121791464224,1.32608592079721,1.33439903432443
"ridge",1.35842963249596,1.36263165276715,1.37379799865203,1.30744030214411,1.33603683394725,1.32295034873247,1.32257483338023
"rf",NA,1.42206158582702,1.4132110298944,1.34991102158083,1.34575229323401,1.33649267651952,1.38654934035851
"earth",1.31157519051199,1.39151918992765,1.43669074268994,1.29986104530976,1.29986104530976,1.29986104530976,1.45110150128086
"svm.radial",1.2849934560031,1.43416565400596,1.43334703677149,1.38718026769508,1.37710422850701,1.32447887119703,1.39821736834538
"xgbDART",1.56228150658737,1.69346432861829,1.5815013555288,1.5072617051119,1.52287012992093,1.65956185289445,1.53650603101702
"stacked",1.32130397171251,1.41722770532123,1.42419460220946,1.28989841593049,1.33669568695171,1.28674768054709,1.37406398847407
